16900;DIP;0
17000;DIP;0
17100;DIP;0
17200;DIP;0
17300;DIP;0
17400;DIP;0
17500;DIP;0
17600;DIP;0
17700;DIP;0
17800;DIP;0
17900;DIP;0
18000;DIP;0
18100;DIP;0
18200;DIP;0
18300;DIP;0
18400;DIP;0
18500;DIP;0
18600;DIP;0
18700;DIP;0
18800;DIP;0
18900;DIP;0
19000;DIP;0
19100;DIP;0
19200;DIP;0
19300;DIP;0
19400;DIP;0
19500;DIP;0
19600;DIP;0
19700;DIP;0
19800;DIP;0
19900;DIP;0
20000;DIP;0
20100;DIP;0
20200;DIP;0
20300;DIP;0
20400;DIP;0
20500;DIP;0
20600;DIP;0
20700;DIP;0
20800;DIP;0
20900;DIP;0
21000;DIP;0
21100;DIP;0
21200;DIP;0
21300;DIP;0
21400;DIP;0
21500;DIP;0
21600;DIP;0
21700;DIP;0
21800;DIP;0
21900;DIP;0
22000;DIP;0
22100;DIP;0
22200;DIP;0
22300;DIP;0
22400;DIP;0
22500;DIP;0
22600;DIP;0
22700;DIP;0
22800;DIP;0
22900;DIP;0
23000;DIP;0
23100;DIP;0
23200;DIP;0
23300;DIP;0
23400;DIP;0
23500;DIP;0
23600;DIP;0
23700;DIP;0
23800;DIP;0
23900;DIP;0
24000;DIP;0
47800;DIP;0
47900;DIP;0
48000;DIP;0
48100;DIP;0
48200;DIP;0
48300;DIP;0
48400;DIP;0
48500;DIP;0
48600;DIP;0
48700;DIP;0
48800;DIP;0
48900;DIP;0
49000;DIP;0
49100;DIP;0
49200;DIP;0
49300;DIP;0
49400;DIP;0
49500;DIP;0
49600;DIP;0
49700;DIP;0
49800;DIP;0
49900;DIP;0
50000;DIP;0
50100;DIP;0
50200;DIP;0
50300;DIP;0
50400;DIP;0
50500;DIP;0
50600;DIP;0
50700;DIP;0
50800;DIP;0
50900;DIP;0
51000;DIP;0
51100;DIP;0
51200;DIP;0
51300;DIP;0
51400;DIP;0
51500;DIP;0
51600;DIP;0
51700;DIP;0
51800;DIP;0
51900;DIP;0
52000;DIP;0
52100;DIP;0
52200;DIP;0
52300;DIP;0
52400;DIP;0
52500;DIP;0
52600;DIP;0
52700;DIP;0
52800;DIP;0
52900;DIP;0
53000;DIP;0
53100;DIP;0
53200;DIP;0
53300;DIP;0
53400;DIP;0
53500;DIP;0
53600;DIP;0
53700;DIP;0
53800;DIP;0
53900;DIP;0
54000;DIP;0
54100;DIP;0
54200;DIP;0
54300;DIP;0
54400;DIP;0
54500;DIP;0
54600;DIP;0
54700;DIP;0
54800;DIP;0
54900;DIP;0
55000;DIP;0
55100;DIP;0
55200;DIP;0
55300;DIP;0
55400;DIP;0
55500;DIP;0
55600;DIP;0
55700;DIP;0
55800;DIP;0
55900;DIP;0
56000;DIP;0
56100;DIP;0
56200;DIP;0
56300;DIP;0
56400;DIP;0
56500;DIP;0
56600;DIP;0
56700;DIP;0
56800;DIP;0
56900;DIP;0
57000;DIP;0
57100;DIP;0
57200;DIP;0
57300;DIP;0
57400;DIP;0
57500;DIP;0
57600;DIP;0
57700;DIP;0
57800;DIP;0
57900;DIP;0
58000;DIP;0
58100;DIP;0
58200;DIP;0
58300;DIP;0
58400;DIP;0
58500;DIP;0
58600;DIP;0
58700;DIP;0
58800;DIP;0
58900;DIP;0
59000;DIP;0
59100;DIP;0
59200;DIP;0
59300;DIP;0
59400;DIP;0
59500;DIP;0
59600;DIP;0
59700;DIP;0
59800;DIP;0
59900;DIP;0
60000;DIP;0
60100;DIP;0
60200;DIP;0
60300;DIP;0
60400;DIP;0
60500;DIP;0
60600;DIP;0
60700;DIP;0
60800;DIP;0
60900;DIP;0
61000;DIP;0
61100;DIP;0
61200;DIP;0
61300;DIP;0
61400;DIP;0
61500;DIP;0
61600;DIP;0
61700;DIP;0
61800;DIP;0
61900;DIP;0
62000;DIP;0
62100;DIP;0
62200;DIP;0
62300;DIP;0
62400;DIP;0
62500;DIP;0
62600;DIP;0
62700;DIP;0
62800;DIP;0
62900;DIP;0
63000;DIP;0
63100;DIP;0
63200;DIP;0
63300;DIP;0
63400;DIP;0
63500;DIP;0
63600;DIP;0
63700;DIP;0
63800;DIP;0
63900;DIP;0
64000;DIP;0
64100;DIP;0
64200;DIP;0
64300;DIP;0
64400;DIP;0
64500;DIP;0
64600;DIP;0
64700;DIP;0
64800;DIP;0
64900;DIP;0
65000;DIP;0
65100;DIP;0
65200;DIP;0
65300;DIP;0
65400;DIP;0
65500;DIP;0
65600;DIP;0
65700;DIP;0
65800;DIP;0
65900;DIP;0
66000;DIP;0
66100;DIP;0
66200;DIP;0
66300;DIP;0
66400;DIP;0
66500;DIP;0
66600;DIP;0
66700;DIP;0
66800;DIP;0
66900;DIP;0
67000;DIP;0
67100;DIP;0
67200;DIP;0
67300;DIP;0
67400;DIP;0
67500;DIP;0
67600;DIP;0
67700;DIP;0
67800;DIP;0
67900;DIP;0
68000;DIP;0
68100;DIP;0
68200;DIP;0
68300;DIP;0
68400;DIP;0
68500;DIP;0
68600;DIP;0
68700;DIP;0
68800;DIP;0
68900;DIP;0
69000;DIP;0
69100;DIP;0
69200;DIP;0
69300;DIP;0
69400;DIP;0
69500;DIP;0
69600;DIP;0
69700;DIP;0
69800;DIP;0
69900;DIP;0
70000;DIP;0
70100;DIP;0
70200;DIP;0
70300;DIP;0
70400;DIP;0
70500;DIP;0
70600;DIP;0
70700;DIP;0
70800;DIP;0
70900;DIP;0
71000;DIP;0
71100;DIP;0
71200;DIP;0
71300;DIP;0
71400;DIP;0
71500;DIP;0
71600;DIP;0
71700;DIP;0
71800;DIP;0
71900;DIP;0
72000;DIP;0
72100;DIP;0
72200;DIP;0
72300;DIP;0
72400;DIP;0
72500;DIP;0
72600;DIP;0
72700;DIP;0
72800;DIP;0
72900;DIP;0
73000;DIP;0
73100;DIP;0
73200;DIP;0
73300;DIP;0
73400;DIP;0
73500;DIP;0
73600;DIP;0
73700;DIP;0
73800;DIP;0
73900;DIP;0
74000;DIP;0
74100;DIP;0
74200;DIP;0
74300;DIP;0
74400;DIP;0
74500;DIP;0
74600;DIP;0
74700;DIP;0
74800;DIP;0
74900;DIP;0
75000;DIP;0
75100;DIP;0
75200;DIP;0
75300;DIP;0
75400;DIP;0
75500;DIP;0
75600;DIP;0
75700;DIP;0
75800;DIP;0
75900;DIP;0
76000;DIP;0
76100;DIP;0
76200;DIP;0
76300;DIP;0
76400;DIP;0
76500;DIP;0
76600;DIP;0
76700;DIP;0
76800;DIP;0
76900;DIP;0
77000;DIP;0
77100;DIP;0
77200;DIP;0
77300;DIP;0
77400;DIP;0
77500;DIP;0
77600;DIP;0
77700;DIP;0
77800;DIP;0
77900;DIP;0
78000;DIP;0
78100;DIP;0
78200;DIP;0
78300;DIP;0
78400;DIP;0
78500;DIP;0
78600;DIP;0
78700;DIP;0
78800;DIP;0
78900;DIP;0
79000;DIP;0
79100;DIP;0
79200;DIP;0
79300;DIP;0
79400;DIP;0
79500;DIP;0
79600;DIP;0
79700;DIP;0
79800;DIP;0
79900;DIP;0
80000;DIP;0
80100;DIP;0
80200;DIP;0
106800;DIP;0
106900;DIP;0
107000;DIP;0
107100;DIP;0
107200;DIP;0
107300;DIP;0
107400;DIP;0
107500;DIP;0
107600;DIP;0
107700;DIP;0
107800;DIP;0
107900;DIP;0
108000;DIP;0
108100;DIP;0
108200;DIP;0
108300;DIP;0
108400;DIP;0
108500;DIP;0
108600;DIP;0
108700;DIP;0
108800;DIP;0
108900;DIP;0
109000;DIP;0
109100;DIP;0
109200;DIP;0
109300;DIP;0
109400;DIP;0
109500;DIP;0
109600;DIP;0
109700;DIP;0
109800;DIP;0
109900;DIP;0
110000;DIP;0
110100;DIP;0
110200;DIP;0
110300;DIP;0
110400;DIP;0
110500;DIP;0
110600;DIP;0
110700;DIP;0
110800;DIP;0
110900;DIP;0
111000;DIP;0
111100;DIP;0
111200;DIP;0
111300;DIP;0
111400;DIP;0
111500;DIP;0
111600;DIP;0
111700;DIP;0
111800;DIP;0
111900;DIP;0
112000;DIP;0
112100;DIP;0
112200;DIP;0
112300;DIP;0
112400;DIP;0
112500;DIP;0
112600;DIP;0
112700;DIP;0
112800;DIP;0
112900;DIP;0
113000;DIP;0
113100;DIP;0
113200;DIP;0
113300;DIP;0
113400;DIP;0
113500;DIP;0
113600;DIP;0
113700;DIP;0
113800;DIP;0
113900;DIP;0
114000;DIP;0
114100;DIP;0
114200;DIP;0
114300;DIP;0
114400;DIP;0
114500;DIP;0
114600;DIP;0
114700;DIP;0
114800;DIP;0
114900;DIP;0
115000;DIP;0
115100;DIP;0
115200;DIP;0
115300;DIP;0
115400;DIP;0
115500;DIP;0
115600;DIP;0
115700;DIP;0
115800;DIP;0
115900;DIP;0
116000;DIP;0
116100;DIP;0
116200;DIP;0
116300;DIP;0
116400;DIP;0
116500;DIP;0
116600;DIP;0
116700;DIP;0
116800;DIP;0
116900;DIP;0
117000;DIP;0
117100;DIP;0
117200;DIP;0
117300;DIP;0
117400;DIP;0
117500;DIP;0
117600;DIP;0
117700;DIP;0
117800;DIP;0
117900;DIP;0
118000;DIP;0
118100;DIP;0
118200;DIP;0
118300;DIP;0
118400;DIP;0
118500;DIP;0
118600;DIP;0
118700;DIP;0
118800;DIP;0
118900;DIP;0
119000;DIP;0
119100;DIP;0
119200;DIP;0
119300;DIP;0
119400;DIP;0
119500;DIP;0
119600;DIP;0
119700;DIP;0
119800;DIP;0
119900;DIP;0
120000;DIP;0
120100;DIP;0
120200;DIP;0
120300;DIP;0
120400;DIP;0
120500;DIP;0
120600;DIP;0
120700;DIP;0
120800;DIP;0
120900;DIP;0
121000;DIP;0
121100;DIP;0
121200;DIP;0
121300;DIP;0
121400;DIP;0
121500;DIP;0
121600;DIP;0
121700;DIP;0
121800;DIP;0
121900;DIP;0
122000;DIP;0
122100;DIP;0
122200;DIP;0
122300;DIP;0
122400;DIP;0
122500;DIP;0
122600;DIP;0
122700;DIP;0
122800;DIP;0
122900;DIP;0
123000;DIP;0
123100;DIP;0
123200;DIP;0
123300;DIP;0
123400;DIP;0
123500;DIP;0
123600;DIP;0
123700;DIP;0
123800;DIP;0
123900;DIP;0
124000;DIP;0
124100;DIP;0
124200;DIP;0
124300;DIP;0
124400;DIP;0
124500;DIP;0
124600;DIP;0
124700;DIP;0
124800;DIP;0
124900;DIP;0
125000;DIP;0
125100;DIP;0
125200;DIP;0
125300;DIP;0
125400;DIP;0
125500;DIP;0
125600;DIP;0
125700;DIP;0
125800;DIP;0
125900;DIP;0
126000;DIP;0
126100;DIP;0
126200;DIP;0
126300;DIP;0
126400;DIP;0
126500;DIP;0
126600;DIP;0
126700;DIP;0
126800;DIP;0
126900;DIP;0
127000;DIP;0
127100;DIP;0
127200;DIP;0
127300;DIP;0
127400;DIP;0
127500;DIP;0
127600;DIP;0
127700;DIP;0
127800;DIP;0
127900;DIP;0
128000;DIP;0
128100;DIP;0
128200;DIP;0
128300;DIP;0
128400;DIP;0
128500;DIP;0
128600;DIP;0
128700;DIP;0
128800;DIP;0
128900;DIP;0
129000;DIP;0
129100;DIP;0
129200;DIP;0
129300;DIP;0
129400;DIP;0
129500;DIP;0
129600;DIP;0
129700;DIP;0
129800;DIP;0
129900;DIP;0
130000;DIP;0
130100;DIP;0
130200;DIP;0
130300;DIP;0
130400;DIP;0
130500;DIP;0
130600;DIP;0
130700;DIP;0
130800;DIP;0
130900;DIP;0
131000;DIP;0
131100;DIP;0
131200;DIP;0
131300;DIP;0
131400;DIP;0
131500;DIP;0
131600;DIP;0
131700;DIP;0
131800;DIP;0
131900;DIP;0
132000;DIP;0
132100;DIP;0
132200;DIP;0
132300;DIP;0
132400;DIP;0
132500;DIP;0
132600;DIP;0
132700;DIP;0
132800;DIP;0
132900;DIP;0
133000;DIP;0
133100;DIP;0
133200;DIP;0
133300;DIP;0
133400;DIP;0
133500;DIP;0
133600;DIP;0
133700;DIP;0
133800;DIP;0
133900;DIP;0
134000;DIP;0
134100;DIP;0
134200;DIP;0
134300;DIP;0
134400;DIP;0
134500;DIP;0
134600;DIP;0
134700;DIP;0
134800;DIP;0
134900;DIP;0
135000;DIP;0
135100;DIP;0
135200;DIP;0
135300;DIP;0
135400;DIP;0
135500;DIP;0
135600;DIP;0
135700;DIP;0
135800;DIP;0
135900;DIP;0
136000;DIP;0
136100;DIP;0
136200;DIP;0
136300;DIP;0
136400;DIP;0
136500;DIP;0
136600;DIP;0
136700;DIP;0
136800;DIP;0
136900;DIP;0
137000;DIP;0
137100;DIP;0
137200;DIP;0
137300;DIP;0
137400;DIP;0
137500;DIP;0
137600;DIP;0
137700;DIP;0
137800;DIP;0
137900;DIP;0
138000;DIP;0
138100;DIP;0
138200;DIP;0
138300;DIP;0
138400;DIP;0
138500;DIP;0
138600;DIP;0
138700;DIP;0
138800;DIP;0
138900;DIP;0
139000;DIP;0
139100;DIP;0
139200;DIP;0
139300;DIP;0
139400;DIP;0
139500;DIP;0
139600;DIP;0
139700;DIP;0
139800;DIP;0
139900;DIP;0
140000;DIP;0
140100;DIP;0
140200;DIP;0
140300;DIP;0
140400;DIP;0
140500;DIP;0
140600;DIP;0
140700;DIP;0
140800;DIP;0
140900;DIP;0
141000;DIP;0
141100;DIP;0
141200;DIP;0
141300;DIP;0
141400;DIP;0
141500;DIP;0
141600;DIP;0
141700;DIP;0
141800;DIP;0
145200;DIP;0
145300;DIP;0
145400;DIP;0
145500;DIP;0
145600;DIP;0
145700;DIP;0
145800;DIP;0
145900;DIP;0
146000;DIP;0
146100;DIP;0
146200;DIP;0
146300;DIP;0
146400;DIP;0
146500;DIP;0
146600;DIP;0
146700;DIP;0
146800;DIP;0
146900;DIP;0
147000;DIP;0
147100;DIP;0
147200;DIP;0
147300;DIP;0
147400;DIP;0
147500;DIP;0
147600;DIP;0
147700;DIP;0
147800;DIP;0
147900;DIP;0
148000;DIP;0
148100;DIP;0
148200;DIP;0
148300;DIP;0
148400;DIP;0
148500;DIP;0
148600;DIP;0
148700;DIP;0
148800;DIP;0
148900;DIP;0
149000;DIP;0
149100;DIP;0
149200;DIP;0
149300;DIP;0
149400;DIP;0
149500;DIP;0
149600;DIP;0
149700;DIP;0
149800;DIP;0
149900;DIP;0
150000;DIP;0
150100;DIP;0
150200;DIP;0
150300;DIP;0
150400;DIP;0
150500;DIP;0
150600;DIP;0
150700;DIP;0
150800;DIP;0
150900;DIP;0
151000;DIP;0
151100;DIP;0
151200;DIP;0
151300;DIP;0
151400;DIP;0
151500;DIP;0
151600;DIP;0
151700;DIP;0
151800;DIP;0
151900;DIP;0
152000;DIP;0
152100;DIP;0
152200;DIP;0
152300;DIP;0
152400;DIP;0
152500;DIP;0
152600;DIP;0
152700;DIP;0
152800;DIP;0
152900;DIP;0
153000;DIP;0
153100;DIP;0
153200;DIP;0
153300;DIP;0
153400;DIP;0
153500;DIP;0
153600;DIP;0
153700;DIP;0
153800;DIP;0
153900;DIP;0
154000;DIP;0
154100;DIP;0
154200;DIP;0
154300;DIP;0
154400;DIP;0
154500;DIP;0
154600;DIP;0
154700;DIP;0
154800;DIP;0
154900;DIP;0
155000;DIP;0
155100;DIP;0
155200;DIP;0
155300;DIP;0
155400;DIP;0
155500;DIP;0
155600;DIP;0
155700;DIP;0
155800;DIP;0
155900;DIP;0
156000;DIP;0
156100;DIP;0
156200;DIP;0
156300;DIP;0
156400;DIP;0
156500;DIP;0
156600;DIP;0
156700;DIP;0
156800;DIP;0
156900;DIP;0
157000;DIP;0
157100;DIP;0
157200;DIP;0
157300;DIP;0
157400;DIP;0
157500;DIP;0
157600;DIP;0
157700;DIP;0
157800;DIP;0
157900;DIP;0
158000;DIP;0
158100;DIP;0
158200;DIP;0
158300;DIP;0
158400;DIP;0
158500;DIP;0
158600;DIP;0
158700;DIP;0
158800;DIP;0
158900;DIP;0
159000;DIP;0
159100;DIP;0
159200;DIP;0
159300;DIP;0
159400;DIP;0
159500;DIP;0
159600;DIP;0
159700;DIP;0
159800;DIP;0
159900;DIP;0
160000;DIP;0
160100;DIP;0
160200;DIP;0
160300;DIP;0
160400;DIP;0
160500;DIP;0
160600;DIP;0
160700;DIP;0
160800;DIP;0
160900;DIP;0
161000;DIP;0
161100;DIP;0
161200;DIP;0
161300;DIP;0
161400;DIP;0
161500;DIP;0
161600;DIP;0
161700;DIP;0
161800;DIP;0
161900;DIP;0
162000;DIP;0
162100;DIP;0
162200;DIP;0
162300;DIP;0
162400;DIP;0
162500;DIP;0
162600;DIP;0
162700;DIP;0
162800;DIP;0
162900;DIP;0
163000;DIP;0
163100;DIP;0
163200;DIP;0
163300;DIP;0
163400;DIP;0
163500;DIP;0
163600;DIP;0
163700;DIP;0
163800;DIP;0
163900;DIP;0
164000;DIP;0
164100;DIP;0
164200;DIP;0
164300;DIP;0
164400;DIP;0
164500;DIP;0
164600;DIP;0
164700;DIP;0
164800;DIP;0
164900;DIP;0
165000;DIP;0
165100;DIP;0
165200;DIP;0
165300;DIP;0
165400;DIP;0
165500;DIP;0
165600;DIP;0
165700;DIP;0
165800;DIP;0
165900;DIP;0
166000;DIP;0
166100;DIP;0
166200;DIP;0
166300;DIP;0
166400;DIP;0
166500;DIP;0
166600;DIP;0
166700;DIP;0
166800;DIP;0
166900;DIP;0
167000;DIP;0
167100;DIP;0
167200;DIP;0
167300;DIP;0
167400;DIP;0
167500;DIP;0
167600;DIP;0
167700;DIP;0
186200;DIP;0
186300;DIP;0
186400;DIP;0
186500;DIP;0
186600;DIP;0
186700;DIP;0
186800;DIP;0
186900;DIP;0
187000;DIP;0
187100;DIP;0
187200;DIP;0
187300;DIP;0
187400;DIP;0
187500;DIP;0
187600;DIP;0
187700;DIP;0
187800;DIP;0
187900;DIP;0
188000;DIP;0
188100;DIP;0
188200;DIP;0
188300;DIP;0
188400;DIP;0
188500;DIP;0
188600;DIP;0
188700;DIP;0
188800;DIP;0
188900;DIP;0
189000;DIP;0
189100;DIP;0
189200;DIP;0
189300;DIP;0
189400;DIP;0
189500;DIP;0
189600;DIP;0
189700;DIP;0
189800;DIP;0
189900;DIP;0
190000;DIP;0
190100;DIP;0
190200;DIP;0
190300;DIP;0
190400;DIP;0
190500;DIP;0
190600;DIP;0
190700;DIP;0
201600;DIP;0
201700;DIP;0
201800;DIP;0
201900;DIP;0
202000;DIP;0
202100;DIP;0
202200;DIP;0
202300;DIP;0
202400;DIP;0
202500;DIP;0
202600;DIP;0
202700;DIP;0
202800;DIP;0
202900;DIP;0
203000;DIP;0
203100;DIP;0
203200;DIP;0
203300;DIP;0
203400;DIP;0
203500;DIP;0
203600;DIP;0
203700;DIP;0
203800;DIP;0
203900;DIP;0
204000;DIP;0
204100;DIP;0
204200;DIP;0
204300;DIP;0
204400;DIP;0
204500;DIP;0
204600;DIP;0
204700;DIP;0
204800;DIP;0
204900;DIP;0
205000;DIP;0
205100;DIP;0
205200;DIP;0
205300;DIP;0
205400;DIP;0
205500;DIP;0
205600;DIP;0
205700;DIP;0
205800;DIP;0
205900;DIP;0
206000;DIP;0
206100;DIP;0
206200;DIP;0
206300;DIP;0
206400;DIP;0
206500;DIP;0
206600;DIP;0
206700;DIP;0
206800;DIP;0
206900;DIP;0
207000;DIP;0
207100;DIP;0
207200;DIP;0
207300;DIP;0
207400;DIP;0
207500;DIP;0
207600;DIP;0
207700;DIP;0
207800;DIP;0
207900;DIP;0
208000;DIP;0
208100;DIP;0
208200;DIP;0
208300;DIP;0
208400;DIP;0
208500;DIP;0
208600;DIP;0
208700;DIP;0
208800;DIP;0
208900;DIP;0
209000;DIP;0
209100;DIP;0
209200;DIP;0
209300;DIP;0
209400;DIP;0
209500;DIP;0
209600;DIP;0
209700;DIP;0
209800;DIP;0
209900;DIP;0
210000;DIP;0
210100;DIP;0
210200;DIP;0
210300;DIP;0
210400;DIP;0
210500;DIP;0
210600;DIP;0
210700;DIP;0
210800;DIP;0
210900;DIP;0
211000;DIP;0
211100;DIP;0
211200;DIP;0
211300;DIP;0
211400;DIP;0
211500;DIP;0
211600;DIP;0
211700;DIP;0
211800;DIP;0
211900;DIP;0
212000;DIP;0
212100;DIP;0
212200;DIP;0
212300;DIP;0
212400;DIP;0
212500;DIP;0
212600;DIP;0
212700;DIP;0
212800;DIP;0
212900;DIP;0
213000;DIP;0
213100;DIP;0
213200;DIP;0
213300;DIP;0
213400;DIP;0
213500;DIP;0
213600;DIP;0
213700;DIP;0
213800;DIP;0
213900;DIP;0
214000;DIP;0
214100;DIP;0
214200;DIP;0
214300;DIP;0
214400;DIP;0
214500;DIP;0
214600;DIP;0
214700;DIP;0
214800;DIP;0
214900;DIP;0
215000;DIP;0
215100;DIP;0
215200;DIP;0
215300;DIP;0
215400;DIP;0
215500;DIP;0
215600;DIP;0
215700;DIP;0
215800;DIP;0
215900;DIP;0
216000;DIP;0
216100;DIP;0
216200;DIP;0
216300;DIP;0
223900;DIP;0
224000;DIP;0
224100;DIP;0
224200;DIP;0
224300;DIP;0
224400;DIP;0
224500;DIP;0
224600;DIP;0
224700;DIP;0
224800;DIP;0
230100;DIP;0
230200;DIP;0
230300;DIP;0
230400;DIP;0
230500;DIP;0
230600;DIP;0
230700;DIP;0
230800;DIP;0
230900;DIP;0
231000;DIP;0
231100;DIP;0
231200;DIP;0
231300;DIP;0
231400;DIP;0
231500;DIP;0
231600;DIP;0
231700;DIP;0
231800;DIP;0
231900;DIP;0
232000;DIP;0
232100;DIP;0
232200;DIP;0
232300;DIP;0
232400;DIP;0
232500;DIP;0
232600;DIP;0
232700;DIP;0
232800;DIP;0
232900;DIP;0
233000;DIP;0
233100;DIP;0
233200;DIP;0
233300;DIP;0
233400;DIP;0
233500;DIP;0
233600;DIP;0
233700;DIP;0
233800;DIP;0
233900;DIP;0
234000;DIP;0
234100;DIP;0
234200;DIP;0
234300;DIP;0
234400;DIP;0
234500;DIP;0
234600;DIP;0
234700;DIP;0
234800;DIP;0
234900;DIP;0
235000;DIP;0
235100;DIP;0
235200;DIP;0
235300;DIP;0
235400;DIP;0
235500;DIP;0
235600;DIP;0
235700;DIP;0
235800;DIP;0
235900;DIP;0
236000;DIP;0
236100;DIP;0
236200;DIP;0
236300;DIP;0
236400;DIP;0
236500;DIP;0
236600;DIP;0
236700;DIP;0
236800;DIP;0
236900;DIP;0
237000;DIP;0
237100;DIP;0
237200;DIP;0
237300;DIP;0
237400;DIP;0
237500;DIP;0
237600;DIP;0
237700;DIP;0
237800;DIP;0
237900;DIP;0
238000;DIP;0
238100;DIP;0
238200;DIP;0
238300;DIP;0
238400;DIP;0
238500;DIP;0
238600;DIP;0
238700;DIP;0
238800;DIP;0
238900;DIP;0
239000;DIP;0
239100;DIP;0
239200;DIP;0
239300;DIP;0
239400;DIP;0
239500;DIP;0
239600;DIP;0
239700;DIP;0
239800;DIP;0
239900;DIP;0
240000;DIP;0
240100;DIP;0
240200;DIP;0
240300;DIP;0
240400;DIP;0
240500;DIP;0
240600;DIP;0
240700;DIP;0
240800;DIP;0
240900;DIP;0
241000;DIP;0
247200;DIP;0
247300;DIP;0
247400;DIP;0
247500;DIP;0
247600;DIP;0
247700;DIP;0
247800;DIP;0
247900;DIP;0
248000;DIP;0
248100;DIP;0
248200;DIP;0
248300;DIP;0
248400;DIP;0
248500;DIP;0
248600;DIP;0
248700;DIP;0
248800;DIP;0
248900;DIP;0
249000;DIP;0
249100;DIP;0
249200;DIP;0
249300;DIP;0
249400;DIP;0
249500;DIP;0
249600;DIP;0
249700;DIP;0
249800;DIP;0
249900;DIP;0
250000;DIP;0
250100;DIP;0
250200;DIP;0
250300;DIP;0
250400;DIP;0
250500;DIP;0
250600;DIP;0
250700;DIP;0
250800;DIP;0
250900;DIP;0
251000;DIP;0
251100;DIP;0
251200;DIP;0
251300;DIP;0
251400;DIP;0
251500;DIP;0
251600;DIP;0
251700;DIP;0
251800;DIP;0
251900;DIP;0
252000;DIP;0
252100;DIP;0
252200;DIP;0
252300;DIP;0
252400;DIP;0
252500;DIP;0
252600;DIP;0
252700;DIP;0
252800;DIP;0
252900;DIP;0
253000;DIP;0
253100;DIP;0
253200;DIP;0
253300;DIP;0
253400;DIP;0
253500;DIP;0
253600;DIP;0
253700;DIP;0
253800;DIP;0
253900;DIP;0
254000;DIP;0
254100;DIP;0
254200;DIP;0
254300;DIP;0
254400;DIP;0
254500;DIP;0
254600;DIP;0
254700;DIP;0
254800;DIP;0
254900;DIP;0
255000;DIP;0
255100;DIP;0
255200;DIP;0
255300;DIP;0
255400;DIP;0
255500;DIP;0
255600;DIP;0
255700;DIP;0
255800;DIP;0
255900;DIP;0
256000;DIP;0
256100;DIP;0
256200;DIP;0
256300;DIP;0
256400;DIP;0
256500;DIP;0
256600;DIP;0
256700;DIP;0
256800;DIP;0
256900;DIP;0
257000;DIP;0
257100;DIP;0
257200;DIP;0
257300;DIP;0
257400;DIP;0
257500;DIP;0
257600;DIP;0
257700;DIP;0
257800;DIP;0
257900;DIP;0
258000;DIP;0
258100;DIP;0
258200;DIP;0
258300;DIP;0
258400;DIP;0
258500;DIP;0
258600;DIP;0
258700;DIP;0
258800;DIP;0
258900;DIP;0
259000;DIP;0
259100;DIP;0
259200;DIP;0
259300;DIP;0
259400;DIP;0
259500;DIP;0
259600;DIP;0
259700;DIP;0
259800;DIP;0
259900;DIP;0
260000;DIP;0
260100;DIP;0
260200;DIP;0
260300;DIP;0
260400;DIP;0
260500;DIP;0
260600;DIP;0
260700;DIP;0
260800;DIP;0
260900;DIP;0
261000;DIP;0
261100;DIP;0
261200;DIP;0
261300;DIP;0
261400;DIP;0
261500;DIP;0
261600;DIP;0
261700;DIP;0
261800;DIP;0
261900;DIP;0
262000;DIP;0
262100;DIP;0
262200;DIP;0
262300;DIP;0
262400;DIP;0
262500;DIP;0
262600;DIP;0
262700;DIP;0
262800;DIP;0
262900;DIP;0
263000;DIP;0
263100;DIP;0
263200;DIP;0
263300;DIP;0
263400;DIP;0
263500;DIP;0
263600;DIP;0
263700;DIP;0
263800;DIP;0
263900;DIP;0
264000;DIP;0
264100;DIP;0
264200;DIP;0
264300;DIP;0
264400;DIP;0
264500;DIP;0
264600;DIP;0
264700;DIP;0
264800;DIP;0
264900;DIP;0
265000;DIP;0
265100;DIP;0
265200;DIP;0
265300;DIP;0
265400;DIP;0
265500;DIP;0
265600;DIP;0
265700;DIP;0
265800;DIP;0
265900;DIP;0
266000;DIP;0
266100;DIP;0
266200;DIP;0
266300;DIP;0
266400;DIP;0
266500;DIP;0
266600;DIP;0
266700;DIP;0
266800;DIP;0
266900;DIP;0
267000;DIP;0
267100;DIP;0
267200;DIP;0
267300;DIP;0
267400;DIP;0
267500;DIP;0
267600;DIP;0
267700;DIP;0
267800;DIP;0
267900;DIP;0
268000;DIP;0
268100;DIP;0
268200;DIP;0
268300;DIP;0
268400;DIP;0
268500;DIP;0
268600;DIP;0
268700;DIP;0
268800;DIP;0
268900;DIP;0
269000;DIP;0
269100;DIP;0
269200;DIP;0
269300;DIP;0
269400;DIP;0
269500;DIP;0
269600;DIP;0
269700;DIP;0
269800;DIP;0
269900;DIP;0
270000;DIP;0
270100;DIP;0
270200;DIP;0
270300;DIP;0
270400;DIP;0
270500;DIP;0
270600;DIP;0
270700;DIP;0
270800;DIP;0
270900;DIP;0
271000;DIP;0
271100;DIP;0
271200;DIP;0
271300;DIP;0
271400;DIP;0
271500;DIP;0
271600;DIP;0
271700;DIP;0
271800;DIP;0
271900;DIP;0
272000;DIP;0
272100;DIP;0
272200;DIP;0
272300;DIP;0
272400;DIP;0
272500;DIP;0
272600;DIP;0
272700;DIP;0
272800;DIP;0
272900;DIP;0
273000;DIP;0
273100;DIP;0
273200;DIP;0
273300;DIP;0
273400;DIP;0
273500;DIP;0
273600;DIP;0
273700;DIP;0
273800;DIP;0
273900;DIP;0
274000;DIP;0
274100;DIP;0
274200;DIP;0
274300;DIP;0
274400;DIP;0
274500;DIP;0
274600;DIP;0
274700;DIP;0
274800;DIP;0
274900;DIP;0
275000;DIP;0
275100;DIP;0
275200;DIP;0
275300;DIP;0
275400;DIP;0
275500;DIP;0
275600;DIP;0
275700;DIP;0
275800;DIP;0
275900;DIP;0
276000;DIP;0
276100;DIP;0
276200;DIP;0
276300;DIP;0
276400;DIP;0
276500;DIP;0
276600;DIP;0
276700;DIP;0
276800;DIP;0
276900;DIP;0
277000;DIP;0
277100;DIP;0
277200;DIP;0
277300;DIP;0
277400;DIP;0
277500;DIP;0
277600;DIP;0
277700;DIP;0
277800;DIP;0
277900;DIP;0
278000;DIP;0
278100;DIP;0
278200;DIP;0
278300;DIP;0
278400;DIP;0
278500;DIP;0
278600;DIP;0
278700;DIP;0
278800;DIP;0
278900;DIP;0
279000;DIP;0
279100;DIP;0
279200;DIP;0
279300;DIP;0
279400;DIP;0
279500;DIP;0
279600;DIP;0
282100;DIP;0
282200;DIP;0
282300;DIP;0
282400;DIP;0
282500;DIP;0
282600;DIP;0
282700;DIP;0
282800;DIP;0
282900;DIP;0
283000;DIP;0
283100;DIP;0
283200;DIP;0
283300;DIP;0
283400;DIP;0
283500;DIP;0
283600;DIP;0
283700;DIP;0
283800;DIP;0
283900;DIP;0
284000;DIP;0
284100;DIP;0
284200;DIP;0
284300;DIP;0
284400;DIP;0
284500;DIP;0
284600;DIP;0
284700;DIP;0
284800;DIP;0
284900;DIP;0
285000;DIP;0
285100;DIP;0
285200;DIP;0
285300;DIP;0
285400;DIP;0
285500;DIP;0
285600;DIP;0
285700;DIP;0
285800;DIP;0
285900;DIP;0
286000;DIP;0
286100;DIP;0
286200;DIP;0
286300;DIP;0
286400;DIP;0
286500;DIP;0
286600;DIP;0
286700;DIP;0
286800;DIP;0
286900;DIP;0
287000;DIP;0
287100;DIP;0
287200;DIP;0
287300;DIP;0
287400;DIP;0
287500;DIP;0
287600;DIP;0
287700;DIP;0
287800;DIP;0
287900;DIP;0
288000;DIP;0
288100;DIP;0
288200;DIP;0
288300;DIP;0
288400;DIP;0
288500;DIP;0
288600;DIP;0
288700;DIP;0
288800;DIP;0
288900;DIP;0
289000;DIP;0
289100;DIP;0
289200;DIP;0
289300;DIP;0
289400;DIP;0
289500;DIP;0
289600;DIP;0
289700;DIP;0
289800;DIP;0
289900;DIP;0
290000;DIP;0
290100;DIP;0
290200;DIP;0
290300;DIP;0
290400;DIP;0
290500;DIP;0
290600;DIP;0
290700;DIP;0
290800;DIP;0
290900;DIP;0
291000;DIP;0
291100;DIP;0
291200;DIP;0
291300;DIP;0
291400;DIP;0
291500;DIP;0
291600;DIP;0
291700;DIP;0
291800;DIP;0
291900;DIP;0
300200;DIP;0
300300;DIP;0
300400;DIP;0
300500;DIP;0
300600;DIP;0
300700;DIP;0
300800;DIP;0
300900;DIP;0
301000;DIP;0
301100;DIP;0
301200;DIP;0
301300;DIP;0
301400;DIP;0
301500;DIP;0
301600;DIP;0
301700;DIP;0
301800;DIP;0
301900;DIP;0
302000;DIP;0
302100;DIP;0
302200;DIP;0
302300;DIP;0
302400;DIP;0
302500;DIP;0
302600;DIP;0
302700;DIP;0
302800;DIP;0
302900;DIP;0
303000;DIP;0
303100;DIP;0
303200;DIP;0
303300;DIP;0
303400;DIP;0
303500;DIP;0
303600;DIP;0
303700;DIP;0
303800;DIP;0
303900;DIP;0
304000;DIP;0
304100;DIP;0
304200;DIP;0
304300;DIP;0
304400;DIP;0
304500;DIP;0
304600;DIP;0
304700;DIP;0
304800;DIP;0
304900;DIP;0
305000;DIP;0
305100;DIP;0
305200;DIP;0
305300;DIP;0
305400;DIP;0
305500;DIP;0
305600;DIP;0
305700;DIP;0
305800;DIP;0
305900;DIP;0
306000;DIP;0
306100;DIP;0
306200;DIP;0
306300;DIP;0
306400;DIP;0
306500;DIP;0
306600;DIP;0
306700;DIP;0
306800;DIP;0
306900;DIP;0
307000;DIP;0
307100;DIP;0
307200;DIP;0
307300;DIP;0
307400;DIP;0
307500;DIP;0
307600;DIP;0
307700;DIP;0
307800;DIP;0
307900;DIP;0
308000;DIP;0
308100;DIP;0
308200;DIP;0
308300;DIP;0
308400;DIP;0
308500;DIP;0
308600;DIP;0
308700;DIP;0
308800;DIP;0
308900;DIP;0
309000;DIP;0
309100;DIP;0
309200;DIP;0
309300;DIP;0
309400;DIP;0
309500;DIP;0
309600;DIP;0
309700;DIP;0
309800;DIP;0
309900;DIP;0
310000;DIP;0
310100;DIP;0
310200;DIP;0
310300;DIP;0
310400;DIP;0
310500;DIP;0
310600;DIP;0
310700;DIP;0
310800;DIP;0
310900;DIP;0
311000;DIP;0
311100;DIP;0
311200;DIP;0
311300;DIP;0
311400;DIP;0
311500;DIP;0
311600;DIP;0
311700;DIP;0
311800;DIP;0
311900;DIP;0
312000;DIP;0
312100;DIP;0
312200;DIP;0
312300;DIP;0
312400;DIP;0
312500;DIP;0
312600;DIP;0
312700;DIP;0
312800;DIP;0
312900;DIP;0
313000;DIP;0
313100;DIP;0
313200;DIP;0
313300;DIP;0
313400;DIP;0
313500;DIP;0
313600;DIP;0
313700;DIP;0
313800;DIP;0
313900;DIP;0
314000;DIP;0
314100;DIP;0
314200;DIP;0
314300;DIP;0
314400;DIP;0
314500;DIP;0
314600;DIP;0
314700;DIP;0
314800;DIP;0
314900;DIP;0
315000;DIP;0
315100;DIP;0
315200;DIP;0
315300;DIP;0
315400;DIP;0
315500;DIP;0
315600;DIP;0
315700;DIP;0
315800;DIP;0
315900;DIP;0
316000;DIP;0
316100;DIP;0
316200;DIP;0
316300;DIP;0
316400;DIP;0
316500;DIP;0
316600;DIP;0
316700;DIP;0
316800;DIP;0
316900;DIP;0
317000;DIP;0
317100;DIP;0
317200;DIP;0
317300;DIP;0
317400;DIP;0
317500;DIP;0
317600;DIP;0
317700;DIP;0
317800;DIP;0
317900;DIP;0
318000;DIP;0
318100;DIP;0
318200;DIP;0
318300;DIP;0
318400;DIP;0
318500;DIP;0
318600;DIP;0
318700;DIP;0
318800;DIP;0
318900;DIP;0
319000;DIP;0
319100;DIP;0
319200;DIP;0
319300;DIP;0
319400;DIP;0
319500;DIP;0
319600;DIP;0
319700;DIP;0
319800;DIP;0
319900;DIP;0
320000;DIP;0
320100;DIP;0
320200;DIP;0
320300;DIP;0
320400;DIP;0
320500;DIP;0
330900;DIP;0
331200;DIP;0
331300;DIP;0
331400;DIP;0
331500;DIP;0
331600;DIP;0
358500;DIP;0
358600;DIP;0
358700;DIP;0
358800;DIP;0
358900;DIP;0
359000;DIP;0
359100;DIP;0
359200;DIP;0
359300;DIP;0
359400;DIP;0
359500;DIP;0
359600;DIP;0
359700;DIP;0
359800;DIP;0
359900;DIP;0
360000;DIP;0
360100;DIP;0
360200;DIP;0
360300;DIP;0
360400;DIP;0
360500;DIP;0
360600;DIP;0
360700;DIP;0
360800;DIP;0
360900;DIP;0
361000;DIP;0
361100;DIP;0
361200;DIP;0
361300;DIP;0
361400;DIP;0
361500;DIP;0
361600;DIP;0
361700;DIP;0
361800;DIP;0
361900;DIP;0
362000;DIP;0
362100;DIP;0
362200;DIP;0
362300;DIP;0
362400;DIP;0
362500;DIP;0
362600;DIP;0
362700;DIP;0
362800;DIP;0
362900;DIP;0
363000;DIP;0
363100;DIP;0
363200;DIP;0
363300;DIP;0
363400;DIP;0
363500;DIP;0
363600;DIP;0
363700;DIP;0
363800;DIP;0
363900;DIP;0
364000;DIP;0
364100;DIP;0
364200;DIP;0
364300;DIP;0
364400;DIP;0
364500;DIP;0
364600;DIP;0
364700;DIP;0
364800;DIP;0
364900;DIP;0
365000;DIP;0
365100;DIP;0
365200;DIP;0
365300;DIP;0
365400;DIP;0
365500;DIP;0
365600;DIP;0
365700;DIP;0
365800;DIP;0
365900;DIP;0
366000;DIP;0
366100;DIP;0
366200;DIP;0
366300;DIP;0
366400;DIP;0
366500;DIP;0
366600;DIP;0
366700;DIP;0
366800;DIP;0
366900;DIP;0
367000;DIP;0
367100;DIP;0
367200;DIP;0
367300;DIP;0
367400;DIP;0
367500;DIP;0
367600;DIP;0
367700;DIP;0
377400;DIP;0
377500;DIP;0
377600;DIP;0
377700;DIP;0
377800;DIP;0
377900;DIP;0
378000;DIP;0
378100;DIP;0
378200;DIP;0
378300;DIP;0
378400;DIP;0
378500;DIP;0
378600;DIP;0
378700;DIP;0
378800;DIP;0
378900;DIP;0
379000;DIP;0
379100;DIP;0
379200;DIP;0
379300;DIP;0
379400;DIP;0
379500;DIP;0
379600;DIP;0
379700;DIP;0
379800;DIP;0
379900;DIP;0
380000;DIP;0
380100;DIP;0
380200;DIP;0
380300;DIP;0
380400;DIP;0
380500;DIP;0
380600;DIP;0
380700;DIP;0
380800;DIP;0
380900;DIP;0
381000;DIP;0
381100;DIP;0
381200;DIP;0
381300;DIP;0
381400;DIP;0
381500;DIP;0
381600;DIP;0
381700;DIP;0
381800;DIP;0
381900;DIP;0
382000;DIP;0
382100;DIP;0
382200;DIP;0
382300;DIP;0
382400;DIP;0
382500;DIP;0
382600;DIP;0
382700;DIP;0
382800;DIP;0
382900;DIP;0
383000;DIP;0
383100;DIP;0
383200;DIP;0
383300;DIP;0
383400;DIP;0
383500;DIP;0
383600;DIP;0
383700;DIP;0
383800;DIP;0
383900;DIP;0
384000;DIP;0
384100;DIP;0
384200;DIP;0
384300;DIP;0
384400;DIP;0
384500;DIP;0
384600;DIP;0
384700;DIP;0
384800;DIP;0
384900;DIP;0
385000;DIP;0
385100;DIP;0
385200;DIP;0
385300;DIP;0
385400;DIP;0
385500;DIP;0
385600;DIP;0
385700;DIP;0
385800;DIP;0
385900;DIP;0
386000;DIP;0
386100;DIP;0
386200;DIP;0
386300;DIP;0
386400;DIP;0
386500;DIP;0
386600;DIP;0
386700;DIP;0
386800;DIP;0
386900;DIP;0
387000;DIP;0
387100;DIP;0
387200;DIP;0
387300;DIP;0
387400;DIP;0
387500;DIP;0
387600;DIP;0
387700;DIP;0
387800;DIP;0
387900;DIP;0
388000;DIP;0
388100;DIP;0
388200;DIP;0
388300;DIP;0
388400;DIP;0
388500;DIP;0
388600;DIP;0
388700;DIP;0
388800;DIP;0
388900;DIP;0
389000;DIP;0
389100;DIP;0
389200;DIP;0
389300;DIP;0
389400;DIP;0
389500;DIP;0
389600;DIP;0
389700;DIP;0
389800;DIP;0
389900;DIP;0
390000;DIP;0
390100;DIP;0
390200;DIP;0
390300;DIP;0
390400;DIP;0
390500;DIP;0
390600;DIP;0
390700;DIP;0
390800;DIP;0
390900;DIP;0
391000;DIP;0
391100;DIP;0
391200;DIP;0
391300;DIP;0
391400;DIP;0
391500;DIP;0
391600;DIP;0
391700;DIP;0
391800;DIP;0
391900;DIP;0
392000;DIP;0
392100;DIP;0
392200;DIP;0
392300;DIP;0
392400;DIP;0
392500;DIP;0
392600;DIP;0
392700;DIP;0
392800;DIP;0
392900;DIP;0
393000;DIP;0
393100;DIP;0
393200;DIP;0
393300;DIP;0
393400;DIP;0
393500;DIP;0
393600;DIP;0
393700;DIP;0
393800;DIP;0
393900;DIP;0
394000;DIP;0
394100;DIP;0
394200;DIP;0
394300;DIP;0
394400;DIP;0
394500;DIP;0
394600;DIP;0
394700;DIP;0
394800;DIP;0
394900;DIP;0
395000;DIP;0
395100;DIP;0
395200;DIP;0
395300;DIP;0
395400;DIP;0
395500;DIP;0
395600;DIP;0
395700;DIP;0
395800;DIP;0
395900;DIP;0
396000;DIP;0
396100;DIP;0
396200;DIP;0
396300;DIP;0
396400;DIP;0
396500;DIP;0
396600;DIP;0
396700;DIP;0
396800;DIP;0
396900;DIP;0
397000;DIP;0
397100;DIP;0
397200;DIP;0
397300;DIP;0
397400;DIP;0
397500;DIP;0
397600;DIP;0
397700;DIP;0
397800;DIP;0
397900;DIP;0
398000;DIP;0
398100;DIP;0
398200;DIP;0
398300;DIP;0
398400;DIP;0
398500;DIP;0
398600;DIP;0
398700;DIP;0
398800;DIP;0
398900;DIP;0
399000;DIP;0
399100;DIP;0
399200;DIP;0
399300;DIP;0
399400;DIP;0
399500;DIP;0
399600;DIP;0
399700;DIP;0
399800;DIP;0
399900;DIP;0
400000;DIP;0
400100;DIP;0
400200;DIP;0
400300;DIP;0
400400;DIP;0
400500;DIP;0
400600;DIP;0
400700;DIP;0
400800;DIP;0
400900;DIP;0
401000;DIP;0
401100;DIP;0
401200;DIP;0
401300;DIP;0
401400;DIP;0
401500;DIP;0
401600;DIP;0
401700;DIP;0
401800;DIP;0
401900;DIP;0
402000;DIP;0
402100;DIP;0
402200;DIP;0
402300;DIP;0
402400;DIP;0
402500;DIP;0
402600;DIP;0
402700;DIP;0
402800;DIP;0
402900;DIP;0
403000;DIP;0
403100;DIP;0
403200;DIP;0
403300;DIP;0
403400;DIP;0
403500;DIP;0
403600;DIP;0
403700;DIP;0
403800;DIP;0
403900;DIP;0
404000;DIP;0
404100;DIP;0
404200;DIP;0
404300;DIP;0
404400;DIP;0
404500;DIP;0
404600;DIP;0
404700;DIP;0
404800;DIP;0
404900;DIP;0
405000;DIP;0
405100;DIP;0
405200;DIP;0
405300;DIP;0
405400;DIP;0
405500;DIP;0
405600;DIP;0
405700;DIP;0
405800;DIP;0
405900;DIP;0
406000;DIP;0
406100;DIP;0
406200;DIP;0
422600;DIP;0
422700;DIP;0
422800;DIP;0
422900;DIP;0
423000;DIP;0
423100;DIP;0
423200;DIP;0
423300;DIP;0
423400;DIP;0
423500;DIP;0
423600;DIP;0
423700;DIP;0
423800;DIP;0
423900;DIP;0
424000;DIP;0
424100;DIP;0
424200;DIP;0
424300;DIP;0
424400;DIP;0
424500;DIP;0
424600;DIP;0
424700;DIP;0
424800;DIP;0
424900;DIP;0
425000;DIP;0
425100;DIP;0
425200;DIP;0
425300;DIP;0
425400;DIP;0
425500;DIP;0
425600;DIP;0
425700;DIP;0
425800;DIP;0
425900;DIP;0
426000;DIP;0
426100;DIP;0
426200;DIP;0
426300;DIP;0
426400;DIP;0
426500;DIP;0
426600;DIP;0
426700;DIP;0
426800;DIP;0
426900;DIP;0
427000;DIP;0
427100;DIP;0
427200;DIP;0
427300;DIP;0
427400;DIP;0
427500;DIP;0
427600;DIP;0
427700;DIP;0
427800;DIP;0
427900;DIP;0
428000;DIP;0
428100;DIP;0
428200;DIP;0
428300;DIP;0
428400;DIP;0
428500;DIP;0
428600;DIP;0
428700;DIP;0
428800;DIP;0
428900;DIP;0
429000;DIP;0
429100;DIP;0
429200;DIP;0
429300;DIP;0
429400;DIP;0
429500;DIP;0
429600;DIP;0
429700;DIP;0
429800;DIP;0
429900;DIP;0
430000;DIP;0
430100;DIP;0
430200;DIP;0
430300;DIP;0
430400;DIP;0
430500;DIP;0
430600;DIP;0
430700;DIP;0
430800;DIP;0
430900;DIP;0
431000;DIP;0
431100;DIP;0
431200;DIP;0
431300;DIP;0
431400;DIP;0
431500;DIP;0
431600;DIP;0
431700;DIP;0
431800;DIP;0
431900;DIP;0
432000;DIP;0
432100;DIP;0
432200;DIP;0
432300;DIP;0
432400;DIP;0
432500;DIP;0
432600;DIP;0
432700;DIP;0
432800;DIP;0
432900;DIP;0
433000;DIP;0
433100;DIP;0
433200;DIP;0
433300;DIP;0
433400;DIP;0
433500;DIP;0
433600;DIP;0
433700;DIP;0
433800;DIP;0
433900;DIP;0
434000;DIP;0
434100;DIP;0
434200;DIP;0
434300;DIP;0
434400;DIP;0
434500;DIP;0
434600;DIP;0
434700;DIP;0
434800;DIP;0
434900;DIP;0
435000;DIP;0
435100;DIP;0
435200;DIP;0
435300;DIP;0
435400;DIP;0
435500;DIP;0
435600;DIP;0
435700;DIP;0
435800;DIP;0
435900;DIP;0
436000;DIP;0
436100;DIP;0
436200;DIP;0
436300;DIP;0
436400;DIP;0
436500;DIP;0
436600;DIP;0
436700;DIP;0
436800;DIP;0
436900;DIP;0
437000;DIP;0
437100;DIP;0
437200;DIP;0
437300;DIP;0
437400;DIP;0
437500;DIP;0
437600;DIP;0
437700;DIP;0
437800;DIP;0
437900;DIP;0
438000;DIP;0
438100;DIP;0
438200;DIP;0
438300;DIP;0
438400;DIP;0
438500;DIP;0
438600;DIP;0
438700;DIP;0
438800;DIP;0
438900;DIP;0
439000;DIP;0
439100;DIP;0
439200;DIP;0
439300;DIP;0
439400;DIP;0
439500;DIP;0
439600;DIP;0
439700;DIP;0
439800;DIP;0
439900;DIP;0
440000;DIP;0
440100;DIP;0
440200;DIP;0
440300;DIP;0
440400;DIP;0
440500;DIP;0
440600;DIP;0
440700;DIP;0
440800;DIP;0
440900;DIP;0
441000;DIP;0
441100;DIP;0
441200;DIP;0
441300;DIP;0
441400;DIP;0
441500;DIP;0
441600;DIP;0
441700;DIP;0
441800;DIP;0
441900;DIP;0
442000;DIP;0
442100;DIP;0
442200;DIP;0
442300;DIP;0
442400;DIP;0
442500;DIP;0
442600;DIP;0
442700;DIP;0
442800;DIP;0
442900;DIP;0
443000;DIP;0
443100;DIP;0
443200;DIP;0
445900;DIP;0
446000;DIP;0
446100;DIP;0
446200;DIP;0
446300;DIP;0
446400;DIP;0
446500;DIP;0
446600;DIP;0
446700;DIP;0
446800;DIP;0
446900;DIP;0
447000;DIP;0
447100;DIP;0
447200;DIP;0
447300;DIP;0
447400;DIP;0
447500;DIP;0
447600;DIP;0
447700;DIP;0
447800;DIP;0
447900;DIP;0
448000;DIP;0
448100;DIP;0
448200;DIP;0
448300;DIP;0
448400;DIP;0
448500;DIP;0
453200;DIP;0
453300;DIP;0
453400;DIP;0
453500;DIP;0
453600;DIP;0
453700;DIP;0
453800;DIP;0
453900;DIP;0
454000;DIP;0
454100;DIP;0
454200;DIP;0
454300;DIP;0
454400;DIP;0
454500;DIP;0
454600;DIP;0
454700;DIP;0
454800;DIP;0
454900;DIP;0
455000;DIP;0
455100;DIP;0
455200;DIP;0
455300;DIP;0
455400;DIP;0
455500;DIP;0
455600;DIP;0
455700;DIP;0
455800;DIP;0
455900;DIP;0
456000;DIP;0
456100;DIP;0
456200;DIP;0
456300;DIP;0
456400;DIP;0
456500;DIP;0
456600;DIP;0
456700;DIP;0
456800;DIP;0
456900;DIP;0
457000;DIP;0
457100;DIP;0
457200;DIP;0
457300;DIP;0
457400;DIP;0
457500;DIP;0
457600;DIP;0
457700;DIP;0
457800;DIP;0
457900;DIP;0
458000;DIP;0
458100;DIP;0
458200;DIP;0
458300;DIP;0
458400;DIP;0
458500;DIP;0
458600;DIP;0
458700;DIP;0
458800;DIP;0
458900;DIP;0
459000;DIP;0
459100;DIP;0
459200;DIP;0
459300;DIP;0
459400;DIP;0
459500;DIP;0
459600;DIP;0
459700;DIP;0
459800;DIP;0
459900;DIP;0
460000;DIP;0
460100;DIP;0
460200;DIP;0
460300;DIP;0
460400;DIP;0
460500;DIP;0
460600;DIP;0
460700;DIP;0
460800;DIP;0
460900;DIP;0
461000;DIP;0
461100;DIP;0
461200;DIP;0
461300;DIP;0
461400;DIP;0
461500;DIP;0
461600;DIP;0
461700;DIP;0
461800;DIP;0
461900;DIP;0
462000;DIP;0
462100;DIP;0
462200;DIP;0
462300;DIP;0
462400;DIP;0
462500;DIP;0
462600;DIP;0
462700;DIP;0
462800;DIP;0
462900;DIP;0
463000;DIP;0
463100;DIP;0
463200;DIP;0
463300;DIP;0
463400;DIP;0
463500;DIP;0
463600;DIP;0
463700;DIP;0
467200;DIP;0
467300;DIP;0
467400;DIP;0
467500;DIP;0
467600;DIP;0
467700;DIP;0
467800;DIP;0
467900;DIP;0
468000;DIP;0
468100;DIP;0
468200;DIP;0
468300;DIP;0
468400;DIP;0
468500;DIP;0
468600;DIP;0
468700;DIP;0
468800;DIP;0
468900;DIP;0
469000;DIP;0
469100;DIP;0
469200;DIP;0
469300;DIP;0
469400;DIP;0
469500;DIP;0
469600;DIP;0
469700;DIP;0
469800;DIP;0
469900;DIP;0
470000;DIP;0
470100;DIP;0
470200;DIP;0
470300;DIP;0
470400;DIP;0
470500;DIP;0
470600;DIP;0
470700;DIP;0
470800;DIP;0
470900;DIP;0
471000;DIP;0
471100;DIP;0
471200;DIP;0
471300;DIP;0
471400;DIP;0
471500;DIP;0
471600;DIP;0
471700;DIP;0
471800;DIP;0
471900;DIP;0
472000;DIP;0
472100;DIP;0
472200;DIP;0
472300;DIP;0
472400;DIP;0
472500;DIP;0
472600;DIP;0
472700;DIP;0
472800;DIP;0
472900;DIP;0
473000;DIP;0
473100;DIP;0
473200;DIP;0
473300;DIP;0
473400;DIP;0
473500;DIP;0
485000;DIP;0
485100;DIP;0
485200;DIP;0
485300;DIP;0
485400;DIP;0
485500;DIP;0
485600;DIP;0
485700;DIP;0
485800;DIP;0
488100;DIP;0
488200;DIP;0
488300;DIP;0
488400;DIP;0
488500;DIP;0
488600;DIP;0
488700;DIP;0
488800;DIP;0
488900;DIP;0
489000;DIP;0
489100;DIP;0
489200;DIP;0
489300;DIP;0
489400;DIP;0
489500;DIP;0
489600;DIP;0
489700;DIP;0
489800;DIP;0
489900;DIP;0
490000;DIP;0
490100;DIP;0
490200;DIP;0
490300;DIP;0
490400;DIP;0
490500;DIP;0
490600;DIP;0
490700;DIP;0
490800;DIP;0
490900;DIP;0
491000;DIP;0
491100;DIP;0
491200;DIP;0
491300;DIP;0
491400;DIP;0
491500;DIP;0
491600;DIP;0
491700;DIP;0
491800;DIP;0
491900;DIP;0
492000;DIP;0
492100;DIP;0
492200;DIP;0
492300;DIP;0
492400;DIP;0
492500;DIP;0
492600;DIP;0
492700;DIP;0
492800;DIP;0
492900;DIP;0
493000;DIP;0
493100;DIP;0
493200;DIP;0
493300;DIP;0
493400;DIP;0
493500;DIP;0
493600;DIP;0
493700;DIP;0
493800;DIP;0
493900;DIP;0
494000;DIP;0
494100;DIP;0
494200;DIP;0
494300;DIP;0
494400;DIP;0
494500;DIP;0
494600;DIP;0
494700;DIP;0
494800;DIP;0
494900;DIP;0
495000;DIP;0
495100;DIP;0
495200;DIP;0
495300;DIP;0
495400;DIP;0
495500;DIP;0
495600;DIP;0
495700;DIP;0
495800;DIP;0
495900;DIP;0
496000;DIP;0
496100;DIP;0
496200;DIP;0
496300;DIP;0
496400;DIP;0
496500;DIP;0
496600;DIP;0
496700;DIP;0
496800;DIP;0
496900;DIP;0
497000;DIP;0
497100;DIP;0
497200;DIP;0
497300;DIP;0
497400;DIP;0
497500;DIP;0
497600;DIP;0
497700;DIP;0
497800;DIP;0
497900;DIP;0
498000;DIP;0
498100;DIP;0
498200;DIP;0
498300;DIP;0
498400;DIP;0
498500;DIP;0
498600;DIP;0
498700;DIP;0
498800;DIP;0
498900;DIP;0
499000;DIP;0
499100;DIP;0
499200;DIP;0
499300;DIP;0
499400;DIP;0
499500;DIP;0
499600;DIP;0
499700;DIP;0
499800;DIP;0
499900;DIP;0
500000;DIP;0
500100;DIP;0
500200;DIP;0
500300;DIP;0
500400;DIP;0
500500;DIP;0
500600;DIP;0
500700;DIP;0
500800;DIP;0
500900;DIP;0
501000;DIP;0
501100;DIP;0
501200;DIP;0
501300;DIP;0
501400;DIP;0
501500;DIP;0
501600;DIP;0
501700;DIP;0
501800;DIP;0
501900;DIP;0
502000;DIP;0
502100;DIP;0
502200;DIP;0
502300;DIP;0
502400;DIP;0
502500;DIP;0
502600;DIP;0
502700;DIP;0
502800;DIP;0
502900;DIP;0
503000;DIP;0
503100;DIP;0
503200;DIP;0
503300;DIP;0
503400;DIP;0
503500;DIP;0
503600;DIP;0
503700;DIP;0
503800;DIP;0
503900;DIP;0
504000;DIP;0
504100;DIP;0
504200;DIP;0
504300;DIP;0
504400;DIP;0
504500;DIP;0
504600;DIP;0
504700;DIP;0
504800;DIP;0
504900;DIP;0
505000;DIP;0
505100;DIP;0
505200;DIP;0
505300;DIP;0
505400;DIP;0
505500;DIP;0
505600;DIP;0
505700;DIP;0
505800;DIP;0
505900;DIP;0
506000;DIP;0
506100;DIP;0
506200;DIP;0
506300;DIP;0
506400;DIP;0
506500;DIP;0
506600;DIP;0
506700;DIP;0
506800;DIP;0
506900;DIP;0
507000;DIP;0
507100;DIP;0
507200;DIP;0
507300;DIP;0
507400;DIP;0
507500;DIP;0
507600;DIP;0
507700;DIP;0
507800;DIP;0
507900;DIP;0
508000;DIP;0
508100;DIP;0
508200;DIP;0
508300;DIP;0
508400;DIP;0
508500;DIP;0
508600;DIP;0
508700;DIP;0
508800;DIP;0
508900;DIP;0
509000;DIP;0
509100;DIP;0
509200;DIP;0
509300;DIP;0
509400;DIP;0
509500;DIP;0
509600;DIP;0
509700;DIP;0
509800;DIP;0
509900;DIP;0
510000;DIP;0
510100;DIP;0
510200;DIP;0
510300;DIP;0
510400;DIP;0
510500;DIP;0
510600;DIP;0
510700;DIP;0
510800;DIP;0
510900;DIP;0
511000;DIP;0
511100;DIP;0
511200;DIP;0
511300;DIP;0
511400;DIP;0
511500;DIP;0
511600;DIP;0
511700;DIP;0
511800;DIP;0
511900;DIP;0
512000;DIP;0
512100;DIP;0
512200;DIP;0
512300;DIP;0
512400;DIP;0
512500;DIP;0
513000;DIP;0
513100;DIP;0
513200;DIP;0
513300;DIP;0
542000;DIP;0
542100;DIP;0
542200;DIP;0
542300;DIP;0
542400;DIP;0
542500;DIP;0
542600;DIP;0
542700;DIP;0
542800;DIP;0
542900;DIP;0
543000;DIP;0
543100;DIP;0
543200;DIP;0
543300;DIP;0
543400;DIP;0
543500;DIP;0
543600;DIP;0
543700;DIP;0
543800;DIP;0
543900;DIP;0
544000;DIP;0
544100;DIP;0
544200;DIP;0
544300;DIP;0
544400;DIP;0
544500;DIP;0
544600;DIP;0
544700;DIP;0
544800;DIP;0
544900;DIP;0
545000;DIP;0
545100;DIP;0
545200;DIP;0
545300;DIP;0
545400;DIP;0
545500;DIP;0
545600;DIP;0
545700;DIP;0
545800;DIP;0
545900;DIP;0
546000;DIP;0
546100;DIP;0
546200;DIP;0
546300;DIP;0
546400;DIP;0
546500;DIP;0
546600;DIP;0
546700;DIP;0
546800;DIP;0
546900;DIP;0
547000;DIP;0
547100;DIP;0
547200;DIP;0
547300;DIP;0
547400;DIP;0
547500;DIP;0
547600;DIP;0
547700;DIP;0
547800;DIP;0
547900;DIP;0
548000;DIP;0
548100;DIP;0
548200;DIP;0
548300;DIP;0
548400;DIP;0
548500;DIP;0
548600;DIP;0
548700;DIP;0
548800;DIP;0
548900;DIP;0
549000;DIP;0
549100;DIP;0
549200;DIP;0
549300;DIP;0
549400;DIP;0
549500;DIP;0
549600;DIP;0
549700;DIP;0
549800;DIP;0
549900;DIP;0
550000;DIP;0
550100;DIP;0
550200;DIP;0
550300;DIP;0
550400;DIP;0
550500;DIP;0
550600;DIP;0
550700;DIP;0
550800;DIP;0
550900;DIP;0
551000;DIP;0
551100;DIP;0
551200;DIP;0
551300;DIP;0
551400;DIP;0
551500;DIP;0
551600;DIP;0
551700;DIP;0
551800;DIP;0
551900;DIP;0
552000;DIP;0
552100;DIP;0
552200;DIP;0
552300;DIP;0
552400;DIP;0
552500;DIP;0
552600;DIP;0
552700;DIP;0
552800;DIP;0
552900;DIP;0
553000;DIP;0
553100;DIP;0
553200;DIP;0
553300;DIP;0
553400;DIP;0
553500;DIP;0
553600;DIP;0
553700;DIP;0
553800;DIP;0
553900;DIP;0
554000;DIP;0
554100;DIP;0
554200;DIP;0
554300;DIP;0
554400;DIP;0
554500;DIP;0
554600;DIP;0
554700;DIP;0
554800;DIP;0
554900;DIP;0
555000;DIP;0
584400;DIP;0
584500;DIP;0
584600;DIP;0
584700;DIP;0
584800;DIP;0
584900;DIP;0
585000;DIP;0
585100;DIP;0
585200;DIP;0
585300;DIP;0
585400;DIP;0
585500;DIP;0
585600;DIP;0
585700;DIP;0
585800;DIP;0
585900;DIP;0
586000;DIP;0
586100;DIP;0
586200;DIP;0
586300;DIP;0
586400;DIP;0
586500;DIP;0
586600;DIP;0
586700;DIP;0
586800;DIP;0
586900;DIP;0
587000;DIP;0
587100;DIP;0
587200;DIP;0
587300;DIP;0
587400;DIP;0
587500;DIP;0
587600;DIP;0
587700;DIP;0
587800;DIP;0
587900;DIP;0
588000;DIP;0
588100;DIP;0
588200;DIP;0
588300;DIP;0
588400;DIP;0
588500;DIP;0
588600;DIP;0
588700;DIP;0
588800;DIP;0
588900;DIP;0
589000;DIP;0
589100;DIP;0
589200;DIP;0
589300;DIP;0
589400;DIP;0
589500;DIP;0
589600;DIP;0
589700;DIP;0
589800;DIP;0
589900;DIP;0
590000;DIP;0
590100;DIP;0
590200;DIP;0
590300;DIP;0
590400;DIP;0
590500;DIP;0
590600;DIP;0
590700;DIP;0
590800;DIP;0
590900;DIP;0
591000;DIP;0
591100;DIP;0
591200;DIP;0
591300;DIP;0
591400;DIP;0
591500;DIP;0
591600;DIP;0
591700;DIP;0
591800;DIP;0
591900;DIP;0
592000;DIP;0
592100;DIP;0
592200;DIP;0
592300;DIP;0
592400;DIP;0
592500;DIP;0
592600;DIP;0
592700;DIP;0
592800;DIP;0
592900;DIP;0
593000;DIP;0
593100;DIP;0
593200;DIP;0
593300;DIP;0
593400;DIP;0
593500;DIP;0
593600;DIP;0
593700;DIP;0
593800;DIP;0
593900;DIP;0
594000;DIP;0
594100;DIP;0
594200;DIP;0
594300;DIP;0
594400;DIP;0
594500;DIP;0
594600;DIP;0
594700;DIP;0
594800;DIP;0
594900;DIP;0
595000;DIP;0
595100;DIP;0
615800;DIP;0
615900;DIP;0
616000;DIP;0
616100;DIP;0
616200;DIP;0
616300;DIP;0
616400;DIP;0
616500;DIP;0
616600;DIP;0
616700;DIP;0
616800;DIP;0
616900;DIP;0
617000;DIP;0
617100;DIP;0
617200;DIP;0
617300;DIP;0
617400;DIP;0
617500;DIP;0
617600;DIP;0
617700;DIP;0
617800;DIP;0
617900;DIP;0
618000;DIP;0
618100;DIP;0
618200;DIP;0
618300;DIP;0
618400;DIP;0
618500;DIP;0
618600;DIP;0
618700;DIP;0
618800;DIP;0
618900;DIP;0
619000;DIP;0
619100;DIP;0
619200;DIP;0
619300;DIP;0
619400;DIP;0
619500;DIP;0
619600;DIP;0
619700;DIP;0
619800;DIP;0
619900;DIP;0
620000;DIP;0
620100;DIP;0
620200;DIP;0
620300;DIP;0
620400;DIP;0
620500;DIP;0
620600;DIP;0
620700;DIP;0
620800;DIP;0
620900;DIP;0
621000;DIP;0
621100;DIP;0
621200;DIP;0
621300;DIP;0
621400;DIP;0
621500;DIP;0
621600;DIP;0
621700;DIP;0
621800;DIP;0
621900;DIP;0
622000;DIP;0
622100;DIP;0
622200;DIP;0
622300;DIP;0
622400;DIP;0
622500;DIP;0
622600;DIP;0
622700;DIP;0
622800;DIP;0
622900;DIP;0
623000;DIP;0
623100;DIP;0
623200;DIP;0
623300;DIP;0
623400;DIP;0
623500;DIP;0
623600;DIP;0
623700;DIP;0
623800;DIP;0
623900;DIP;0
624000;DIP;0
624100;DIP;0
624200;DIP;0
624300;DIP;0
624400;DIP;0
624500;DIP;0
624600;DIP;0
624700;DIP;0
624800;DIP;0
624900;DIP;0
625000;DIP;0
625100;DIP;0
625200;DIP;0
625300;DIP;0
625400;DIP;0
625500;DIP;0
625600;DIP;0
625700;DIP;0
625800;DIP;0
625900;DIP;0
626000;DIP;0
626100;DIP;0
626200;DIP;0
626300;DIP;0
626400;DIP;0
626500;DIP;0
626600;DIP;0
626700;DIP;0
626800;DIP;0
626900;DIP;0
627000;DIP;0
627100;DIP;0
627200;DIP;0
627300;DIP;0
627400;DIP;0
627500;DIP;0
627600;DIP;0
627700;DIP;0
627800;DIP;0
627900;DIP;0
628000;DIP;0
628100;DIP;0
628200;DIP;0
628300;DIP;0
628400;DIP;0
628500;DIP;0
628600;DIP;0
628700;DIP;0
628800;DIP;0
628900;DIP;0
629000;DIP;0
629100;DIP;0
629200;DIP;0
629300;DIP;0
629400;DIP;0
629500;DIP;0
629600;DIP;0
629700;DIP;0
629800;DIP;0
629900;DIP;0
630000;DIP;0
630100;DIP;0
630200;DIP;0
630300;DIP;0
630400;DIP;0
630500;DIP;0
630600;DIP;0
630700;DIP;0
630800;DIP;0
630900;DIP;0
631000;DIP;0
631100;DIP;0
631200;DIP;0
631300;DIP;0
631400;DIP;0
631500;DIP;0
631600;DIP;0
631700;DIP;0
631800;DIP;0
631900;DIP;0
632000;DIP;0
632100;DIP;0
632200;DIP;0
632300;DIP;0
632400;DIP;0
632500;DIP;0
632600;DIP;0
632700;DIP;0
632800;DIP;0
632900;DIP;0
633000;DIP;0
633100;DIP;0
633200;DIP;0
633300;DIP;0
633400;DIP;0
633500;DIP;0
633600;DIP;0
633700;DIP;0
633800;DIP;0
633900;DIP;0
634000;DIP;0
634100;DIP;0
634200;DIP;0
634300;DIP;0
634400;DIP;0
634500;DIP;0
634600;DIP;0
634700;DIP;0
634800;DIP;0
634900;DIP;0
635000;DIP;0
635100;DIP;0
635200;DIP;0
635300;DIP;0
635400;DIP;0
635500;DIP;0
635600;DIP;0
635700;DIP;0
635800;DIP;0
635900;DIP;0
636000;DIP;0
636100;DIP;0
636200;DIP;0
636300;DIP;0
636400;DIP;0
636500;DIP;0
636600;DIP;0
636700;DIP;0
636800;DIP;0
636900;DIP;0
637000;DIP;0
637100;DIP;0
637200;DIP;0
637300;DIP;0
637400;DIP;0
637500;DIP;0
637600;DIP;0
637700;DIP;0
637800;DIP;0
637900;DIP;0
638000;DIP;0
638100;DIP;0
638200;DIP;0
638300;DIP;0
638400;DIP;0
638500;DIP;0
638600;DIP;0
638700;DIP;0
638800;DIP;0
638900;DIP;0
639000;DIP;0
639100;DIP;0
639200;DIP;0
639300;DIP;0
639400;DIP;0
639500;DIP;0
639600;DIP;0
639700;DIP;0
639800;DIP;0
639900;DIP;0
640000;DIP;0
640100;DIP;0
640200;DIP;0
640300;DIP;0
640400;DIP;0
640500;DIP;0
640600;DIP;0
640700;DIP;0
640800;DIP;0
640900;DIP;0
641000;DIP;0
641100;DIP;0
641200;DIP;0
641300;DIP;0
641400;DIP;0
641500;DIP;0
641600;DIP;0
642300;DIP;0
642400;DIP;0
642500;DIP;0
154700;DIP;0
154800;DIP;0
278200;DIP;0
278300;DIP;0
278400;DIP;0
278500;DIP;0
278600;DIP;0
278700;DIP;0
278800;DIP;0
278900;DIP;0
279000;DIP;0
279100;DIP;0
279400;DIP;0
279800;DIP;0
279900;DIP;0
280000;DIP;0
280100;DIP;0
280200;DIP;0
280300;DIP;0
280400;DIP;0
280500;DIP;0
280600;DIP;0
280700;DIP;0
280800;DIP;0
280900;DIP;0
281000;DIP;0
281100;DIP;0
281200;DIP;0
281300;DIP;0
281400;DIP;0
281500;DIP;0
281600;DIP;0
281700;DIP;0
281800;DIP;0
281900;DIP;0
282000;DIP;0
282100;DIP;0
282200;DIP;0
282300;DIP;0
282400;DIP;0
282500;DIP;0
282600;DIP;0
282700;DIP;0
282800;DIP;0
282900;DIP;0
283000;DIP;0
283100;DIP;0
283200;DIP;0
283300;DIP;0
283400;DIP;0
283500;DIP;0
283600;DIP;0
283700;DIP;0
292400;DIP;0
297900;DIP;0
298000;DIP;0
298200;DIP;0
298300;DIP;0
298400;DIP;0
298600;DIP;0
298700;DIP;0
298900;DIP;0
299300;DIP;0
299400;DIP;0
299500;DIP;0
299600;DIP;0
299700;DIP;0
299800;DIP;0
299900;DIP;0
300000;DIP;0
300100;DIP;0
300200;DIP;0
300300;DIP;0
300400;DIP;0
300500;DIP;0
300600;DIP;0
300700;DIP;0
300800;DIP;0
300900;DIP;0
301000;DIP;0
301100;DIP;0
301200;DIP;0
301300;DIP;0
301400;DIP;0
301500;DIP;0
301600;DIP;0
301700;DIP;0
